{
    "accuracy": 0.9716242283950617,
    "balanced_accuracy": 0.5544272094821979,
    "weighted_f1": 0.9704297049100381,
    "macro_f1": 0.43781667317265943,
    "classification_report": {
        "0": {
            "precision": 0.9999933119315142,
            "recall": 0.9999933119315142,
            "f1-score": 0.9999933119315142,
            "support": 149520.0
        },
        "1": {
            "precision": 0.1188037689471528,
            "recall": 0.9666666666666667,
            "f1-score": 0.2116016052535571,
            "support": 600.0
        },
        "2": {
            "precision": 0.9513274336283186,
            "recall": 0.10986203372508942,
            "f1-score": 0.19697663765460377,
            "support": 1957.0
        },
        "3": {
            "precision": 0.0,
            "recall": 0.0,
            "f1-score": 0.0,
            "support": 2303.0
        },
        "4": {
            "precision": 0.8890134529147982,
            "recall": 0.6956140350877194,
            "f1-score": 0.780511811023622,
            "support": 1140.0
        },
        "accuracy": 0.9716242283950617,
        "macro avg": {
            "precision": 0.5918275934843568,
            "recall": 0.5544272094821979,
            "f1-score": 0.43781667317265943,
            "support": 155520.0
        },
        "weighted avg": {
            "precision": 0.9803594739281237,
            "recall": 0.9716242283950617,
            "f1-score": 0.9704297049100381,
            "support": 155520.0
        }
    }
}