{
    "mae": 50.311981818658765,
    "rmse": 74.25071730449007,
    "r2": 0.9495160735349494
}